-- Auto-generated ACL seed from schema
-- Source schema: F:\Downloads\mysql_orm.sql
-- Generated at: 2026-04-25T11:30:35.091Z

START TRANSACTION;

-- 1) Permissions
INSERT IGNORE INTO admin_permissions
  (permission_name, description, createdAt, updatedAt)
VALUES
('read:achievements', 'Read access for achievements', CURRENT_TIMESTAMP, CURRENT_TIMESTAMP),
('create:achievements', 'Create access for achievements', CURRENT_TIMESTAMP, CURRENT_TIMESTAMP),
('update:achievements', 'Update access for achievements', CURRENT_TIMESTAMP, CURRENT_TIMESTAMP),
('delete:achievements', 'Delete access for achievements', CURRENT_TIMESTAMP, CURRENT_TIMESTAMP),
('read:admin', 'Read access for admin', CURRENT_TIMESTAMP, CURRENT_TIMESTAMP),
('create:admin', 'Create access for admin', CURRENT_TIMESTAMP, CURRENT_TIMESTAMP),
('update:admin', 'Update access for admin', CURRENT_TIMESTAMP, CURRENT_TIMESTAMP),
('delete:admin', 'Delete access for admin', CURRENT_TIMESTAMP, CURRENT_TIMESTAMP),
('read:admin_settings', 'Read access for admin_settings', CURRENT_TIMESTAMP, CURRENT_TIMESTAMP),
('create:admin_settings', 'Create access for admin_settings', CURRENT_TIMESTAMP, CURRENT_TIMESTAMP),
('update:admin_settings', 'Update access for admin_settings', CURRENT_TIMESTAMP, CURRENT_TIMESTAMP),
('delete:admin_settings', 'Delete access for admin_settings', CURRENT_TIMESTAMP, CURRENT_TIMESTAMP),
('read:file_folder', 'Read access for file_folder', CURRENT_TIMESTAMP, CURRENT_TIMESTAMP),
('create:file_folder', 'Create access for file_folder', CURRENT_TIMESTAMP, CURRENT_TIMESTAMP),
('update:file_folder', 'Update access for file_folder', CURRENT_TIMESTAMP, CURRENT_TIMESTAMP),
('delete:file_folder', 'Delete access for file_folder', CURRENT_TIMESTAMP, CURRENT_TIMESTAMP),
('read:transaction', 'Read access for transaction', CURRENT_TIMESTAMP, CURRENT_TIMESTAMP),
('create:transaction', 'Create access for transaction', CURRENT_TIMESTAMP, CURRENT_TIMESTAMP),
('update:transaction', 'Update access for transaction', CURRENT_TIMESTAMP, CURRENT_TIMESTAMP),
('delete:transaction', 'Delete access for transaction', CURRENT_TIMESTAMP, CURRENT_TIMESTAMP),
('read:volunteer', 'Read access for volunteer', CURRENT_TIMESTAMP, CURRENT_TIMESTAMP),
('create:volunteer', 'Create access for volunteer', CURRENT_TIMESTAMP, CURRENT_TIMESTAMP),
('update:volunteer', 'Update access for volunteer', CURRENT_TIMESTAMP, CURRENT_TIMESTAMP),
('delete:volunteer', 'Delete access for volunteer', CURRENT_TIMESTAMP, CURRENT_TIMESTAMP);

-- 2) API resources
INSERT IGNORE INTO admin_resources
  (resource, resource_type, resource_path, http_method, description, icon, is_public, `order`, createdAt, updatedAt, category)
VALUES
('read:achievements:list', 'API_ENDPOINT', '/api/achievements', 'GET', 'List achievements', NULL, 0, 0, CURRENT_TIMESTAMP, CURRENT_TIMESTAMP, NULL),
('read:achievements:table', 'API_ENDPOINT', '/api/achievements/table', 'GET', 'Table view for achievements', NULL, 0, 0, CURRENT_TIMESTAMP, CURRENT_TIMESTAMP, NULL),
('read:achievements:filters', 'API_ENDPOINT', '/api/achievements/filters', 'GET', 'Filter metadata for achievements', NULL, 0, 0, CURRENT_TIMESTAMP, CURRENT_TIMESTAMP, NULL),
('read:achievements:query', 'API_ENDPOINT', '/api/achievements/query', 'POST', 'Query achievements', NULL, 0, 0, CURRENT_TIMESTAMP, CURRENT_TIMESTAMP, NULL),
('create:achievements:one', 'API_ENDPOINT', '/api/achievements', 'POST', 'Create achievements record', NULL, 0, 0, CURRENT_TIMESTAMP, CURRENT_TIMESTAMP, NULL),
('create:achievements:bulk', 'API_ENDPOINT', '/api/achievements/bulk', 'POST', 'Bulk create achievements records', NULL, 0, 0, CURRENT_TIMESTAMP, CURRENT_TIMESTAMP, NULL),
('create:achievements:file', 'API_ENDPOINT', '/api/achievements/file', 'POST', 'Create achievements with file', NULL, 0, 0, CURRENT_TIMESTAMP, CURRENT_TIMESTAMP, NULL),
('create:achievements:upload_bulk', 'API_ENDPOINT', '/api/achievements/upload_bulk', 'POST', 'Bulk upload files for achievements', NULL, 0, 0, CURRENT_TIMESTAMP, CURRENT_TIMESTAMP, NULL),
('update:achievements:by_id', 'API_ENDPOINT', '/api/achievements', 'PUT', 'Update achievements by id', NULL, 0, 0, CURRENT_TIMESTAMP, CURRENT_TIMESTAMP, NULL),
('delete:achievements:by_id', 'API_ENDPOINT', '/api/achievements', 'DELETE', 'Delete achievements by id', NULL, 0, 0, CURRENT_TIMESTAMP, CURRENT_TIMESTAMP, NULL),
('read:admin:list', 'API_ENDPOINT', '/api/admin', 'GET', 'List admin', NULL, 0, 0, CURRENT_TIMESTAMP, CURRENT_TIMESTAMP, NULL),
('read:admin:table', 'API_ENDPOINT', '/api/admin/table', 'GET', 'Table view for admin', NULL, 0, 0, CURRENT_TIMESTAMP, CURRENT_TIMESTAMP, NULL),
('read:admin:filters', 'API_ENDPOINT', '/api/admin/filters', 'GET', 'Filter metadata for admin', NULL, 0, 0, CURRENT_TIMESTAMP, CURRENT_TIMESTAMP, NULL),
('read:admin:query', 'API_ENDPOINT', '/api/admin/query', 'POST', 'Query admin', NULL, 0, 0, CURRENT_TIMESTAMP, CURRENT_TIMESTAMP, NULL),
('create:admin:one', 'API_ENDPOINT', '/api/admin', 'POST', 'Create admin record', NULL, 0, 0, CURRENT_TIMESTAMP, CURRENT_TIMESTAMP, NULL),
('create:admin:bulk', 'API_ENDPOINT', '/api/admin/bulk', 'POST', 'Bulk create admin records', NULL, 0, 0, CURRENT_TIMESTAMP, CURRENT_TIMESTAMP, NULL),
('create:admin:file', 'API_ENDPOINT', '/api/admin/file', 'POST', 'Create admin with file', NULL, 0, 0, CURRENT_TIMESTAMP, CURRENT_TIMESTAMP, NULL),
('create:admin:upload_bulk', 'API_ENDPOINT', '/api/admin/upload_bulk', 'POST', 'Bulk upload files for admin', NULL, 0, 0, CURRENT_TIMESTAMP, CURRENT_TIMESTAMP, NULL),
('update:admin:by_id', 'API_ENDPOINT', '/api/admin', 'PUT', 'Update admin by id', NULL, 0, 0, CURRENT_TIMESTAMP, CURRENT_TIMESTAMP, NULL),
('delete:admin:by_id', 'API_ENDPOINT', '/api/admin', 'DELETE', 'Delete admin by id', NULL, 0, 0, CURRENT_TIMESTAMP, CURRENT_TIMESTAMP, NULL),
('read:admin_settings:list', 'API_ENDPOINT', '/api/admin_settings', 'GET', 'List admin_settings', NULL, 0, 0, CURRENT_TIMESTAMP, CURRENT_TIMESTAMP, NULL),
('read:admin_settings:table', 'API_ENDPOINT', '/api/admin_settings/table', 'GET', 'Table view for admin_settings', NULL, 0, 0, CURRENT_TIMESTAMP, CURRENT_TIMESTAMP, NULL),
('read:admin_settings:filters', 'API_ENDPOINT', '/api/admin_settings/filters', 'GET', 'Filter metadata for admin_settings', NULL, 0, 0, CURRENT_TIMESTAMP, CURRENT_TIMESTAMP, NULL),
('read:admin_settings:query', 'API_ENDPOINT', '/api/admin_settings/query', 'POST', 'Query admin_settings', NULL, 0, 0, CURRENT_TIMESTAMP, CURRENT_TIMESTAMP, NULL),
('create:admin_settings:one', 'API_ENDPOINT', '/api/admin_settings', 'POST', 'Create admin_settings record', NULL, 0, 0, CURRENT_TIMESTAMP, CURRENT_TIMESTAMP, NULL),
('create:admin_settings:bulk', 'API_ENDPOINT', '/api/admin_settings/bulk', 'POST', 'Bulk create admin_settings records', NULL, 0, 0, CURRENT_TIMESTAMP, CURRENT_TIMESTAMP, NULL),
('create:admin_settings:file', 'API_ENDPOINT', '/api/admin_settings/file', 'POST', 'Create admin_settings with file', NULL, 0, 0, CURRENT_TIMESTAMP, CURRENT_TIMESTAMP, NULL),
('create:admin_settings:upload_bulk', 'API_ENDPOINT', '/api/admin_settings/upload_bulk', 'POST', 'Bulk upload files for admin_settings', NULL, 0, 0, CURRENT_TIMESTAMP, CURRENT_TIMESTAMP, NULL),
('update:admin_settings:by_id', 'API_ENDPOINT', '/api/admin_settings', 'PUT', 'Update admin_settings by id', NULL, 0, 0, CURRENT_TIMESTAMP, CURRENT_TIMESTAMP, NULL),
('delete:admin_settings:by_id', 'API_ENDPOINT', '/api/admin_settings', 'DELETE', 'Delete admin_settings by id', NULL, 0, 0, CURRENT_TIMESTAMP, CURRENT_TIMESTAMP, NULL),
('read:file_folder:list', 'API_ENDPOINT', '/api/file_folder', 'GET', 'List file_folder', NULL, 0, 0, CURRENT_TIMESTAMP, CURRENT_TIMESTAMP, NULL),
('read:file_folder:table', 'API_ENDPOINT', '/api/file_folder/table', 'GET', 'Table view for file_folder', NULL, 0, 0, CURRENT_TIMESTAMP, CURRENT_TIMESTAMP, NULL),
('read:file_folder:filters', 'API_ENDPOINT', '/api/file_folder/filters', 'GET', 'Filter metadata for file_folder', NULL, 0, 0, CURRENT_TIMESTAMP, CURRENT_TIMESTAMP, NULL),
('read:file_folder:query', 'API_ENDPOINT', '/api/file_folder/query', 'POST', 'Query file_folder', NULL, 0, 0, CURRENT_TIMESTAMP, CURRENT_TIMESTAMP, NULL),
('create:file_folder:one', 'API_ENDPOINT', '/api/file_folder', 'POST', 'Create file_folder record', NULL, 0, 0, CURRENT_TIMESTAMP, CURRENT_TIMESTAMP, NULL),
('create:file_folder:bulk', 'API_ENDPOINT', '/api/file_folder/bulk', 'POST', 'Bulk create file_folder records', NULL, 0, 0, CURRENT_TIMESTAMP, CURRENT_TIMESTAMP, NULL),
('create:file_folder:file', 'API_ENDPOINT', '/api/file_folder/file', 'POST', 'Create file_folder with file', NULL, 0, 0, CURRENT_TIMESTAMP, CURRENT_TIMESTAMP, NULL),
('create:file_folder:upload_bulk', 'API_ENDPOINT', '/api/file_folder/upload_bulk', 'POST', 'Bulk upload files for file_folder', NULL, 0, 0, CURRENT_TIMESTAMP, CURRENT_TIMESTAMP, NULL),
('update:file_folder:by_id', 'API_ENDPOINT', '/api/file_folder', 'PUT', 'Update file_folder by id', NULL, 0, 0, CURRENT_TIMESTAMP, CURRENT_TIMESTAMP, NULL),
('delete:file_folder:by_id', 'API_ENDPOINT', '/api/file_folder', 'DELETE', 'Delete file_folder by id', NULL, 0, 0, CURRENT_TIMESTAMP, CURRENT_TIMESTAMP, NULL),
('read:transaction:list', 'API_ENDPOINT', '/api/transaction', 'GET', 'List transaction', NULL, 0, 0, CURRENT_TIMESTAMP, CURRENT_TIMESTAMP, NULL),
('read:transaction:table', 'API_ENDPOINT', '/api/transaction/table', 'GET', 'Table view for transaction', NULL, 0, 0, CURRENT_TIMESTAMP, CURRENT_TIMESTAMP, NULL),
('read:transaction:filters', 'API_ENDPOINT', '/api/transaction/filters', 'GET', 'Filter metadata for transaction', NULL, 0, 0, CURRENT_TIMESTAMP, CURRENT_TIMESTAMP, NULL),
('read:transaction:query', 'API_ENDPOINT', '/api/transaction/query', 'POST', 'Query transaction', NULL, 0, 0, CURRENT_TIMESTAMP, CURRENT_TIMESTAMP, NULL),
('create:transaction:one', 'API_ENDPOINT', '/api/transaction', 'POST', 'Create transaction record', NULL, 0, 0, CURRENT_TIMESTAMP, CURRENT_TIMESTAMP, NULL),
('create:transaction:bulk', 'API_ENDPOINT', '/api/transaction/bulk', 'POST', 'Bulk create transaction records', NULL, 0, 0, CURRENT_TIMESTAMP, CURRENT_TIMESTAMP, NULL),
('create:transaction:file', 'API_ENDPOINT', '/api/transaction/file', 'POST', 'Create transaction with file', NULL, 0, 0, CURRENT_TIMESTAMP, CURRENT_TIMESTAMP, NULL),
('create:transaction:upload_bulk', 'API_ENDPOINT', '/api/transaction/upload_bulk', 'POST', 'Bulk upload files for transaction', NULL, 0, 0, CURRENT_TIMESTAMP, CURRENT_TIMESTAMP, NULL),
('update:transaction:by_id', 'API_ENDPOINT', '/api/transaction', 'PUT', 'Update transaction by id', NULL, 0, 0, CURRENT_TIMESTAMP, CURRENT_TIMESTAMP, NULL),
('delete:transaction:by_id', 'API_ENDPOINT', '/api/transaction', 'DELETE', 'Delete transaction by id', NULL, 0, 0, CURRENT_TIMESTAMP, CURRENT_TIMESTAMP, NULL),
('read:volunteer:list', 'API_ENDPOINT', '/api/volunteer', 'GET', 'List volunteer', NULL, 0, 0, CURRENT_TIMESTAMP, CURRENT_TIMESTAMP, NULL),
('read:volunteer:table', 'API_ENDPOINT', '/api/volunteer/table', 'GET', 'Table view for volunteer', NULL, 0, 0, CURRENT_TIMESTAMP, CURRENT_TIMESTAMP, NULL),
('read:volunteer:filters', 'API_ENDPOINT', '/api/volunteer/filters', 'GET', 'Filter metadata for volunteer', NULL, 0, 0, CURRENT_TIMESTAMP, CURRENT_TIMESTAMP, NULL),
('read:volunteer:query', 'API_ENDPOINT', '/api/volunteer/query', 'POST', 'Query volunteer', NULL, 0, 0, CURRENT_TIMESTAMP, CURRENT_TIMESTAMP, NULL),
('create:volunteer:one', 'API_ENDPOINT', '/api/volunteer', 'POST', 'Create volunteer record', NULL, 0, 0, CURRENT_TIMESTAMP, CURRENT_TIMESTAMP, NULL),
('create:volunteer:bulk', 'API_ENDPOINT', '/api/volunteer/bulk', 'POST', 'Bulk create volunteer records', NULL, 0, 0, CURRENT_TIMESTAMP, CURRENT_TIMESTAMP, NULL),
('create:volunteer:file', 'API_ENDPOINT', '/api/volunteer/file', 'POST', 'Create volunteer with file', NULL, 0, 0, CURRENT_TIMESTAMP, CURRENT_TIMESTAMP, NULL),
('create:volunteer:upload_bulk', 'API_ENDPOINT', '/api/volunteer/upload_bulk', 'POST', 'Bulk upload files for volunteer', NULL, 0, 0, CURRENT_TIMESTAMP, CURRENT_TIMESTAMP, NULL),
('update:volunteer:by_id', 'API_ENDPOINT', '/api/volunteer', 'PUT', 'Update volunteer by id', NULL, 0, 0, CURRENT_TIMESTAMP, CURRENT_TIMESTAMP, NULL),
('delete:volunteer:by_id', 'API_ENDPOINT', '/api/volunteer', 'DELETE', 'Delete volunteer by id', NULL, 0, 0, CURRENT_TIMESTAMP, CURRENT_TIMESTAMP, NULL);

-- 3) Permission -> Resource mapping
INSERT IGNORE INTO admin_permission_resources
  (permission, resource, createdAt, updatedAt)
VALUES
('read:achievements', 'read:achievements:list', CURRENT_TIMESTAMP, CURRENT_TIMESTAMP),
('read:achievements', 'read:achievements:table', CURRENT_TIMESTAMP, CURRENT_TIMESTAMP),
('read:achievements', 'read:achievements:filters', CURRENT_TIMESTAMP, CURRENT_TIMESTAMP),
('read:achievements', 'read:achievements:query', CURRENT_TIMESTAMP, CURRENT_TIMESTAMP),
('create:achievements', 'create:achievements:one', CURRENT_TIMESTAMP, CURRENT_TIMESTAMP),
('create:achievements', 'create:achievements:bulk', CURRENT_TIMESTAMP, CURRENT_TIMESTAMP),
('create:achievements', 'create:achievements:file', CURRENT_TIMESTAMP, CURRENT_TIMESTAMP),
('create:achievements', 'create:achievements:upload_bulk', CURRENT_TIMESTAMP, CURRENT_TIMESTAMP),
('update:achievements', 'update:achievements:by_id', CURRENT_TIMESTAMP, CURRENT_TIMESTAMP),
('delete:achievements', 'delete:achievements:by_id', CURRENT_TIMESTAMP, CURRENT_TIMESTAMP),
('read:admin', 'read:admin:list', CURRENT_TIMESTAMP, CURRENT_TIMESTAMP),
('read:admin', 'read:admin:table', CURRENT_TIMESTAMP, CURRENT_TIMESTAMP),
('read:admin', 'read:admin:filters', CURRENT_TIMESTAMP, CURRENT_TIMESTAMP),
('read:admin', 'read:admin:query', CURRENT_TIMESTAMP, CURRENT_TIMESTAMP),
('create:admin', 'create:admin:one', CURRENT_TIMESTAMP, CURRENT_TIMESTAMP),
('create:admin', 'create:admin:bulk', CURRENT_TIMESTAMP, CURRENT_TIMESTAMP),
('create:admin', 'create:admin:file', CURRENT_TIMESTAMP, CURRENT_TIMESTAMP),
('create:admin', 'create:admin:upload_bulk', CURRENT_TIMESTAMP, CURRENT_TIMESTAMP),
('update:admin', 'update:admin:by_id', CURRENT_TIMESTAMP, CURRENT_TIMESTAMP),
('delete:admin', 'delete:admin:by_id', CURRENT_TIMESTAMP, CURRENT_TIMESTAMP),
('read:admin_settings', 'read:admin_settings:list', CURRENT_TIMESTAMP, CURRENT_TIMESTAMP),
('read:admin_settings', 'read:admin_settings:table', CURRENT_TIMESTAMP, CURRENT_TIMESTAMP),
('read:admin_settings', 'read:admin_settings:filters', CURRENT_TIMESTAMP, CURRENT_TIMESTAMP),
('read:admin_settings', 'read:admin_settings:query', CURRENT_TIMESTAMP, CURRENT_TIMESTAMP),
('create:admin_settings', 'create:admin_settings:one', CURRENT_TIMESTAMP, CURRENT_TIMESTAMP),
('create:admin_settings', 'create:admin_settings:bulk', CURRENT_TIMESTAMP, CURRENT_TIMESTAMP),
('create:admin_settings', 'create:admin_settings:file', CURRENT_TIMESTAMP, CURRENT_TIMESTAMP),
('create:admin_settings', 'create:admin_settings:upload_bulk', CURRENT_TIMESTAMP, CURRENT_TIMESTAMP),
('update:admin_settings', 'update:admin_settings:by_id', CURRENT_TIMESTAMP, CURRENT_TIMESTAMP),
('delete:admin_settings', 'delete:admin_settings:by_id', CURRENT_TIMESTAMP, CURRENT_TIMESTAMP),
('read:file_folder', 'read:file_folder:list', CURRENT_TIMESTAMP, CURRENT_TIMESTAMP),
('read:file_folder', 'read:file_folder:table', CURRENT_TIMESTAMP, CURRENT_TIMESTAMP),
('read:file_folder', 'read:file_folder:filters', CURRENT_TIMESTAMP, CURRENT_TIMESTAMP),
('read:file_folder', 'read:file_folder:query', CURRENT_TIMESTAMP, CURRENT_TIMESTAMP),
('create:file_folder', 'create:file_folder:one', CURRENT_TIMESTAMP, CURRENT_TIMESTAMP),
('create:file_folder', 'create:file_folder:bulk', CURRENT_TIMESTAMP, CURRENT_TIMESTAMP),
('create:file_folder', 'create:file_folder:file', CURRENT_TIMESTAMP, CURRENT_TIMESTAMP),
('create:file_folder', 'create:file_folder:upload_bulk', CURRENT_TIMESTAMP, CURRENT_TIMESTAMP),
('update:file_folder', 'update:file_folder:by_id', CURRENT_TIMESTAMP, CURRENT_TIMESTAMP),
('delete:file_folder', 'delete:file_folder:by_id', CURRENT_TIMESTAMP, CURRENT_TIMESTAMP),
('read:transaction', 'read:transaction:list', CURRENT_TIMESTAMP, CURRENT_TIMESTAMP),
('read:transaction', 'read:transaction:table', CURRENT_TIMESTAMP, CURRENT_TIMESTAMP),
('read:transaction', 'read:transaction:filters', CURRENT_TIMESTAMP, CURRENT_TIMESTAMP),
('read:transaction', 'read:transaction:query', CURRENT_TIMESTAMP, CURRENT_TIMESTAMP),
('create:transaction', 'create:transaction:one', CURRENT_TIMESTAMP, CURRENT_TIMESTAMP),
('create:transaction', 'create:transaction:bulk', CURRENT_TIMESTAMP, CURRENT_TIMESTAMP),
('create:transaction', 'create:transaction:file', CURRENT_TIMESTAMP, CURRENT_TIMESTAMP),
('create:transaction', 'create:transaction:upload_bulk', CURRENT_TIMESTAMP, CURRENT_TIMESTAMP),
('update:transaction', 'update:transaction:by_id', CURRENT_TIMESTAMP, CURRENT_TIMESTAMP),
('delete:transaction', 'delete:transaction:by_id', CURRENT_TIMESTAMP, CURRENT_TIMESTAMP),
('read:volunteer', 'read:volunteer:list', CURRENT_TIMESTAMP, CURRENT_TIMESTAMP),
('read:volunteer', 'read:volunteer:table', CURRENT_TIMESTAMP, CURRENT_TIMESTAMP),
('read:volunteer', 'read:volunteer:filters', CURRENT_TIMESTAMP, CURRENT_TIMESTAMP),
('read:volunteer', 'read:volunteer:query', CURRENT_TIMESTAMP, CURRENT_TIMESTAMP),
('create:volunteer', 'create:volunteer:one', CURRENT_TIMESTAMP, CURRENT_TIMESTAMP),
('create:volunteer', 'create:volunteer:bulk', CURRENT_TIMESTAMP, CURRENT_TIMESTAMP),
('create:volunteer', 'create:volunteer:file', CURRENT_TIMESTAMP, CURRENT_TIMESTAMP),
('create:volunteer', 'create:volunteer:upload_bulk', CURRENT_TIMESTAMP, CURRENT_TIMESTAMP),
('update:volunteer', 'update:volunteer:by_id', CURRENT_TIMESTAMP, CURRENT_TIMESTAMP),
('delete:volunteer', 'delete:volunteer:by_id', CURRENT_TIMESTAMP, CURRENT_TIMESTAMP);

-- 4) Optional: assign generated permissions to SuperAdmin role
INSERT IGNORE INTO admin_role_permissions
  (role_id, permission, createdAt, updatedAt)
VALUES
('SuperAdmin', 'read:achievements', CURRENT_TIMESTAMP, CURRENT_TIMESTAMP),
('SuperAdmin', 'create:achievements', CURRENT_TIMESTAMP, CURRENT_TIMESTAMP),
('SuperAdmin', 'update:achievements', CURRENT_TIMESTAMP, CURRENT_TIMESTAMP),
('SuperAdmin', 'delete:achievements', CURRENT_TIMESTAMP, CURRENT_TIMESTAMP),
('SuperAdmin', 'read:admin', CURRENT_TIMESTAMP, CURRENT_TIMESTAMP),
('SuperAdmin', 'create:admin', CURRENT_TIMESTAMP, CURRENT_TIMESTAMP),
('SuperAdmin', 'update:admin', CURRENT_TIMESTAMP, CURRENT_TIMESTAMP),
('SuperAdmin', 'delete:admin', CURRENT_TIMESTAMP, CURRENT_TIMESTAMP),
('SuperAdmin', 'read:admin_settings', CURRENT_TIMESTAMP, CURRENT_TIMESTAMP),
('SuperAdmin', 'create:admin_settings', CURRENT_TIMESTAMP, CURRENT_TIMESTAMP),
('SuperAdmin', 'update:admin_settings', CURRENT_TIMESTAMP, CURRENT_TIMESTAMP),
('SuperAdmin', 'delete:admin_settings', CURRENT_TIMESTAMP, CURRENT_TIMESTAMP),
('SuperAdmin', 'read:file_folder', CURRENT_TIMESTAMP, CURRENT_TIMESTAMP),
('SuperAdmin', 'create:file_folder', CURRENT_TIMESTAMP, CURRENT_TIMESTAMP),
('SuperAdmin', 'update:file_folder', CURRENT_TIMESTAMP, CURRENT_TIMESTAMP),
('SuperAdmin', 'delete:file_folder', CURRENT_TIMESTAMP, CURRENT_TIMESTAMP),
('SuperAdmin', 'read:transaction', CURRENT_TIMESTAMP, CURRENT_TIMESTAMP),
('SuperAdmin', 'create:transaction', CURRENT_TIMESTAMP, CURRENT_TIMESTAMP),
('SuperAdmin', 'update:transaction', CURRENT_TIMESTAMP, CURRENT_TIMESTAMP),
('SuperAdmin', 'delete:transaction', CURRENT_TIMESTAMP, CURRENT_TIMESTAMP),
('SuperAdmin', 'read:volunteer', CURRENT_TIMESTAMP, CURRENT_TIMESTAMP),
('SuperAdmin', 'create:volunteer', CURRENT_TIMESTAMP, CURRENT_TIMESTAMP),
('SuperAdmin', 'update:volunteer', CURRENT_TIMESTAMP, CURRENT_TIMESTAMP),
('SuperAdmin', 'delete:volunteer', CURRENT_TIMESTAMP, CURRENT_TIMESTAMP);

COMMIT;
